{"cameraMode":{"drawMode":0,"name":"Shaded","section":"Shading Mode"},"sceneLighting":false,"audioPlay":false,"sceneViewState":{"m_AlwaysRefresh":false,"showFog":true,"showSkybox":false,"showFlares":true,"showImageEffects":true,"showParticleSystems":true,"showVisualEffectGraphs":true,"m_FxEnabled":true},"in2DMode":false,"pivot":{"x":5.228473663330078,"y":-0.6740908622741699,"z":-0.8820681571960449},"rotation":{"x":-0.20102529227733613,"y":-0.17612141370773316,"z":0.03676797077059746,"w":-0.9629234075546265},"size":3.6205692291259767,"orthographic":false}